{
	"id": "kpn",
	"assets": [
	{
		"resourceId": "ui_logo_small",
		"resourceType": "texture",
		"data": "logo_small_kpn.png"
	},
	{
		"resourceId": "bannerwide",
		"resourceType": "texture",
		"data": "BannersWide_KPN.png"
	},
		{
		"resourceId": "stadiumfields",
		"resourceType": "texture",
		"data": "StadiumShellFields01_KPN.png"
	},
		{
		"resourceId": "stadiumcentercourtfield",
		"resourceType": "texture",
		"data": "StadiumCentercourtField_KPN.png"
	},
		{
		"resourceId": "bannerfeather",
		"resourceType": "texture",
		"data": "BannerFeather_KPN.png"
	},
		{
		"resourceId": "stadiumtribunestile",
		"resourceType": "texture",
		"data": "StadiumTribunesTile_KPN.png"
	},
		{
		"resourceId": "av_SoccerMaleA_LOD_A_urp",
		"resourceType": "texture",
		"data": "SoccerPlayer_KPN_Blue_LOD_A.png"
	},
		{
		"resourceId": "av_SoccerMaleA_LOD_E_urp",
		"resourceType": "texture",
		"data": "SoccerPlayer_KPN_Blue_LOD_E.png"
	},
		{
		"resourceId": "av_SoccerMaleA_Armor_A_hdrp",
		"resourceType": "texture",
		"data": "SoccerPlayer_KPN_Blue_Armor_A.png"
	},
		{
		"resourceId": "av_SoccerMaleA_Armor_E_hdrp",
		"resourceType": "texture",
		"data": "SoccerPlayer_KPN_Blue_Armor_E.png"
	},
		{
		"resourceId": "av_SoccerMaleA_Kevlar_A_hdrp",
		"resourceType": "texture",
		"data": "SoccerPlayer_KPN_Blue_Clothes_A.png"
	},
		{
		"resourceId": "av_SoccerMaleB_LOD_A_urp",
		"resourceType": "texture",
		"data": "SoccerPlayer_KPN_Green_LOD_A.png"
	},
		{
		"resourceId": "av_SoccerMaleB_LOD_E_urp",
		"resourceType": "texture",
		"data": "SoccerPlayer_KPN_Green_LOD_E.png"
	},
		{
		"resourceId": "av_SoccerMaleB_Armor_A_hdrp",
		"resourceType": "texture",
		"data": "SoccerPlayer_KPN_Green_Armor_A.png"
	},
		{
		"resourceId": "av_SoccerMaleB_Armor_E_hdrp",
		"resourceType": "texture",
		"data": "SoccerPlayer_KPN_Green_Armor_E.png"
	},
		{
		"resourceId": "av_SoccerMaleB_Kevlar_A_hdrp",
		"resourceType": "texture",
		"data": "SoccerPlayer_KPN_Green_Clothes_A.png"
	}
	]
}