{
	"id": "virgin",
	"assets": [
	{
		"resourceId": "ui_logo_small",
		"resourceType": "texture",
		"data": "logo_small_virgin.png"
	},
	{
		"resourceId": "bannerwide",
		"resourceType": "texture",
		"data": "BannersWide_Virgin.png"
	},
		{
		"resourceId": "stadiumfields",
		"resourceType": "texture",
		"data": "StadiumShellFields01_Virgin.png"
	},
		{
		"resourceId": "av_SoccerMaleA_LOD_A_urp",
		"resourceType": "texture",
		"data": "SoccerCharacter_VirginGalactic_LOD_A.png"
	},
		{
		"resourceId": "av_SoccerMaleA_LOD_E_urp",
		"resourceType": "texture",
		"data": "SoccerCharacter_VirginGalactic_LOD_E.png"
	},
		{
		"resourceId": "av_SoccerMaleA_Armor_A_hdrp",
		"resourceType": "texture",
		"data": "SoccerPlayer_VirginGalactic_Armor_A.png"
	},
		{
		"resourceId": "av_SoccerMaleA_Armor_E_hdrp",
		"resourceType": "texture",
		"data": "SoccerPlayer_VirginGalactic_Armor_E.png"
	},
		{
		"resourceId": "av_SoccerMaleA_Kevlar_A_hdrp",
		"resourceType": "texture",
		"data": "SoccerPlayer_VirginGalactic_Clothes_A.png"
	},
		{
		"resourceId": "av_SoccerMaleB_LOD_A_urp",
		"resourceType": "texture",
		"data": "SoccerCharacter_VirginAtlantic_LOD_A.png"
	},
		{
		"resourceId": "av_SoccerMaleB_LOD_E_urp",
		"resourceType": "texture",
		"data": "SoccerCharacter_VirginAtlantic_LOD_E.png"
	},
		{
		"resourceId": "av_SoccerMaleB_Armor_A_hdrp",
		"resourceType": "texture",
		"data": "SoccerPlayer_VirginAtlantic_Armor_A.png"
	},
		{
		"resourceId": "av_SoccerMaleB_Armor_E_hdrp",
		"resourceType": "texture",
		"data": "SoccerPlayer_VirginAtlantic_Armor_E.png"
	},
		{
		"resourceId": "av_SoccerMaleB_Kevlar_A_hdrp",
		"resourceType": "texture",
		"data": "SoccerPlayer_VirginAtlantic_Clothes_A.png"
	}
	]
}